idx,transition,original_width,original_height,input_png,output_png,mask_png,original_dng,exr_1,exr_2,tokenlight_png,scribblelight_png
0,ON,8064,6048,Input/IMG_CS1_5018_IMG_CS1_5017_input0.png,Output/IMG_CS1_5018_IMG_CS1_5017.png,Masks/IMG_CS1_5017.png,Originals/IMG_CS1_5018.DNG,Exrs/IMG_CS1_5018.exr,Exrs/IMG_CS1_5017.exr,TokenLight/IMG_CS1_5018_IMG_CS1_5017.png,ScribbleLight/IMG_CS1_5018_IMG_CS1_5017.png
1,ON,8064,6048,Input/IMG_CS1_4997_IMG_CS1_4996_input0.png,Output/IMG_CS1_4997_IMG_CS1_4996.png,Masks/IMG_CS1_4996.png,Originals/IMG_CS1_4997.DNG,Exrs/IMG_CS1_4997.exr,Exrs/IMG_CS1_4996.exr,TokenLight/IMG_CS1_4997_IMG_CS1_4996.png,ScribbleLight/IMG_CS1_4997_IMG_CS1_4996.png
2,ON,4032,3024,Input/IMG_CS1_4944_IMG_CS1_4943_input0.png,Output/IMG_CS1_4944_IMG_CS1_4943.png,Masks/IMG_CS1_4943.png,Originals/IMG_CS1_4944.DNG,Exrs/IMG_CS1_4944.exr,Exrs/IMG_CS1_4943.exr,TokenLight/IMG_CS1_4944_IMG_CS1_4943.png,ScribbleLight/IMG_CS1_4944_IMG_CS1_4943.png
3,ON,4032,3024,Input/IMG_CS2_5108_IMG_CS2_5106_input0.png,Output/IMG_CS2_5108_IMG_CS2_5106.png,Masks/IMG_CS2_5106.png,Originals/IMG_CS2_5108.DNG,Exrs/IMG_CS2_5108.exr,Exrs/IMG_CS2_5106.exr,TokenLight/IMG_CS2_5108_IMG_CS2_5106.png,ScribbleLight/IMG_CS2_5108_IMG_CS2_5106.png
4,ON,8064,6048,Input/IMG_CS2_5133_IMG_CS2_5134_input0.png,Output/IMG_CS2_5133_IMG_CS2_5134.png,Masks/IMG_CS2_5134.png,Originals/IMG_CS2_5133.DNG,Exrs/IMG_CS2_5133.exr,Exrs/IMG_CS2_5134.exr,TokenLight/IMG_CS2_5133_IMG_CS2_5134.png,ScribbleLight/IMG_CS2_5133_IMG_CS2_5134.png
5,OFF,6048,8064,Input/IMG_CS1_4980_IMG_CS1_4981_input0.png,Output/IMG_CS1_4980_IMG_CS1_4981.png,Masks/IMG_CS1_4980.png,Originals/IMG_CS1_4980.DNG,Exrs/IMG_CS1_4980.exr,Exrs/IMG_CS1_4981.exr,TokenLight/IMG_CS1_4980_IMG_CS1_4981.png,ScribbleLight/IMG_CS1_4980_IMG_CS1_4981.png
6,OFF,3024,4032,Input/IMG_CS1_4965_IMG_CS1_4968_input0.png,Output/IMG_CS1_4965_IMG_CS1_4968.png,Masks/IMG_CS1_4965.png,Originals/IMG_CS1_4965.DNG,Exrs/IMG_CS1_4965.exr,Exrs/IMG_CS1_4968.exr,TokenLight/IMG_CS1_4965_IMG_CS1_4968.png,ScribbleLight/IMG_CS1_4965_IMG_CS1_4968.png
7,OFF,8064,6048,Input/IMG_CS2_5097_IMG_CS2_5096_input0.png,Output/IMG_CS2_5097_IMG_CS2_5096.png,Masks/IMG_CS2_5097.png,Originals/IMG_CS2_5097.DNG,Exrs/IMG_CS2_5097.exr,Exrs/IMG_CS2_5096.exr,TokenLight/IMG_CS2_5097_IMG_CS2_5096.png,ScribbleLight/IMG_CS2_5097_IMG_CS2_5096.png
8,ON,8064,6048,Input/IMG_CS1_5013_IMG_CS1_5014_input0.png,Output/IMG_CS1_5013_IMG_CS1_5014.png,Masks/IMG_CS1_5014.png,Originals/IMG_CS1_5013.DNG,Exrs/IMG_CS1_5013.exr,Exrs/IMG_CS1_5014.exr,TokenLight/IMG_CS1_5013_IMG_CS1_5014.png,ScribbleLight/IMG_CS1_5013_IMG_CS1_5014.png
9,ON,8064,6048,Input/IMG_CS1_5001_IMG_CS1_4999_input0.png,Output/IMG_CS1_5001_IMG_CS1_4999.png,Masks/IMG_CS1_4999.png,Originals/IMG_CS1_5001.DNG,Exrs/IMG_CS1_5001.exr,Exrs/IMG_CS1_4999.exr,TokenLight/IMG_CS1_5001_IMG_CS1_4999.png,ScribbleLight/IMG_CS1_5001_IMG_CS1_4999.png
10,ON,8064,6048,Input/IMG_CS1_4935_IMG_CS1_4934_input0.png,Output/IMG_CS1_4935_IMG_CS1_4934.png,Masks/IMG_CS1_4934.png,Originals/IMG_CS1_4935.DNG,Exrs/IMG_CS1_4935.exr,Exrs/IMG_CS1_4934.exr,TokenLight/IMG_CS1_4935_IMG_CS1_4934.png,ScribbleLight/IMG_CS1_4935_IMG_CS1_4934.png
11,ON,4032,3024,Input/IMG_CS2_5108_IMG_CS2_5107_input0.png,Output/IMG_CS2_5108_IMG_CS2_5107.png,Masks/IMG_CS2_5107.png,Originals/IMG_CS2_5108.DNG,Exrs/IMG_CS2_5108.exr,Exrs/IMG_CS2_5107.exr,TokenLight/IMG_CS2_5108_IMG_CS2_5107.png,ScribbleLight/IMG_CS2_5108_IMG_CS2_5107.png
12,ON,4032,3024,Input/IMG_CS2_5124_IMG_CS2_5125_input0.png,Output/IMG_CS2_5124_IMG_CS2_5125.png,Masks/IMG_CS2_5125.png,Originals/IMG_CS2_5124.DNG,Exrs/IMG_CS2_5124.exr,Exrs/IMG_CS2_5125.exr,TokenLight/IMG_CS2_5124_IMG_CS2_5125.png,ScribbleLight/IMG_CS2_5124_IMG_CS2_5125.png
13,OFF,6048,8064,Input/IMG_CS1_4978_IMG_CS1_4979_input0.png,Output/IMG_CS1_4978_IMG_CS1_4979.png,Masks/IMG_CS1_4978.png,Originals/IMG_CS1_4978.DNG,Exrs/IMG_CS1_4978.exr,Exrs/IMG_CS1_4979.exr,TokenLight/IMG_CS1_4978_IMG_CS1_4979.png,ScribbleLight/IMG_CS1_4978_IMG_CS1_4979.png
14,OFF,3024,4032,Input/IMG_CS1_4966_IMG_CS1_4968_input0.png,Output/IMG_CS1_4966_IMG_CS1_4968.png,Masks/IMG_CS1_4966.png,Originals/IMG_CS1_4966.DNG,Exrs/IMG_CS1_4966.exr,Exrs/IMG_CS1_4968.exr,TokenLight/IMG_CS1_4966_IMG_CS1_4968.png,ScribbleLight/IMG_CS1_4966_IMG_CS1_4968.png
15,OFF,4032,3024,Input/IMG_CS2_5101_IMG_CS2_5102_input0.png,Output/IMG_CS2_5101_IMG_CS2_5102.png,Masks/IMG_CS2_5101.png,Originals/IMG_CS2_5101.DNG,Exrs/IMG_CS2_5101.exr,Exrs/IMG_CS2_5102.exr,TokenLight/IMG_CS2_5101_IMG_CS2_5102.png,ScribbleLight/IMG_CS2_5101_IMG_CS2_5102.png
16,ON,8064,6048,Input/IMG_CS1_5002_IMG_CS1_5003_input0.png,Output/IMG_CS1_5002_IMG_CS1_5003.png,Masks/IMG_CS1_5003.png,Originals/IMG_CS1_5002.DNG,Exrs/IMG_CS1_5002.exr,Exrs/IMG_CS1_5003.exr,TokenLight/IMG_CS1_5002_IMG_CS1_5003.png,ScribbleLight/IMG_CS1_5002_IMG_CS1_5003.png
17,ON,4032,3024,Input/IMG_CS1_5010_IMG_CS1_5011_input0.png,Output/IMG_CS1_5010_IMG_CS1_5011.png,Masks/IMG_CS1_5011.png,Originals/IMG_CS1_5010.DNG,Exrs/IMG_CS1_5010.exr,Exrs/IMG_CS1_5011.exr,TokenLight/IMG_CS1_5010_IMG_CS1_5011.png,ScribbleLight/IMG_CS1_5010_IMG_CS1_5011.png
18,ON,4032,3024,Input/IMG_CS1_4938_IMG_CS1_4939_input0.png,Output/IMG_CS1_4938_IMG_CS1_4939.png,Masks/IMG_CS1_4939.png,Originals/IMG_CS1_4938.DNG,Exrs/IMG_CS1_4938.exr,Exrs/IMG_CS1_4939.exr,TokenLight/IMG_CS1_4938_IMG_CS1_4939.png,ScribbleLight/IMG_CS1_4938_IMG_CS1_4939.png
19,ON,4032,3024,Input/IMG_CS2_5110_IMG_CS2_5109_input0.png,Output/IMG_CS2_5110_IMG_CS2_5109.png,Masks/IMG_CS2_5109.png,Originals/IMG_CS2_5110.DNG,Exrs/IMG_CS2_5110.exr,Exrs/IMG_CS2_5109.exr,TokenLight/IMG_CS2_5110_IMG_CS2_5109.png,ScribbleLight/IMG_CS2_5110_IMG_CS2_5109.png
20,ON,8064,6048,Input/IMG_CS2_5122_IMG_CS2_5123_input0.png,Output/IMG_CS2_5122_IMG_CS2_5123.png,Masks/IMG_CS2_5123.png,Originals/IMG_CS2_5122.DNG,Exrs/IMG_CS2_5122.exr,Exrs/IMG_CS2_5123.exr,TokenLight/IMG_CS2_5122_IMG_CS2_5123.png,ScribbleLight/IMG_CS2_5122_IMG_CS2_5123.png
21,OFF,8064,6048,Input/IMG_CS1_4993_IMG_CS1_4995_input0.png,Output/IMG_CS1_4993_IMG_CS1_4995.png,Masks/IMG_CS1_4993.png,Originals/IMG_CS1_4993.DNG,Exrs/IMG_CS1_4993.exr,Exrs/IMG_CS1_4995.exr,TokenLight/IMG_CS1_4993_IMG_CS1_4995.png,ScribbleLight/IMG_CS1_4993_IMG_CS1_4995.png
22,OFF,3024,4032,Input/IMG_CS1_4967_IMG_CS1_4968_input0.png,Output/IMG_CS1_4967_IMG_CS1_4968.png,Masks/IMG_CS1_4967.png,Originals/IMG_CS1_4967.DNG,Exrs/IMG_CS1_4967.exr,Exrs/IMG_CS1_4968.exr,TokenLight/IMG_CS1_4967_IMG_CS1_4968.png,ScribbleLight/IMG_CS1_4967_IMG_CS1_4968.png
23,OFF,8064,6048,Input/IMG_CS2_5105_IMG_CS2_5108_input0.png,Output/IMG_CS2_5105_IMG_CS2_5108.png,Masks/IMG_CS2_5105.png,Originals/IMG_CS2_5105.DNG,Exrs/IMG_CS2_5105.exr,Exrs/IMG_CS2_5108.exr,TokenLight/IMG_CS2_5105_IMG_CS2_5108.png,ScribbleLight/IMG_CS2_5105_IMG_CS2_5108.png
24,ON,8064,6048,Input/IMG_CS1_4958_IMG_CS1_4957_input0.png,Output/IMG_CS1_4958_IMG_CS1_4957.png,Masks/IMG_CS1_4957.png,Originals/IMG_CS1_4958.DNG,Exrs/IMG_CS1_4958.exr,Exrs/IMG_CS1_4957.exr,TokenLight/IMG_CS1_4958_IMG_CS1_4957.png,ScribbleLight/IMG_CS1_4958_IMG_CS1_4957.png
25,ON,4032,3024,Input/IMG_CS1_5010_IMG_CS1_5012_input0.png,Output/IMG_CS1_5010_IMG_CS1_5012.png,Masks/IMG_CS1_5012.png,Originals/IMG_CS1_5010.DNG,Exrs/IMG_CS1_5010.exr,Exrs/IMG_CS1_5012.exr,TokenLight/IMG_CS1_5010_IMG_CS1_5012.png,ScribbleLight/IMG_CS1_5010_IMG_CS1_5012.png
26,ON,8064,6048,Input/IMG_CS1_4946_IMG_CS1_4947_input0.png,Output/IMG_CS1_4946_IMG_CS1_4947.png,Masks/IMG_CS1_4947.png,Originals/IMG_CS1_4946.DNG,Exrs/IMG_CS1_4946.exr,Exrs/IMG_CS1_4947.exr,TokenLight/IMG_CS1_4946_IMG_CS1_4947.png,ScribbleLight/IMG_CS1_4946_IMG_CS1_4947.png
27,ON,4032,3024,Input/IMG_CS2_5111_IMG_CS2_5112_input0.png,Output/IMG_CS2_5111_IMG_CS2_5112.png,Masks/IMG_CS2_5112.png,Originals/IMG_CS2_5111.DNG,Exrs/IMG_CS2_5111.exr,Exrs/IMG_CS2_5112.exr,TokenLight/IMG_CS2_5111_IMG_CS2_5112.png,ScribbleLight/IMG_CS2_5111_IMG_CS2_5112.png
28,OFF,8064,6048,Input/IMG_CS1_5017_IMG_CS1_5018_input0.png,Output/IMG_CS1_5017_IMG_CS1_5018.png,Masks/IMG_CS1_5017.png,Originals/IMG_CS1_5017.DNG,Exrs/IMG_CS1_5017.exr,Exrs/IMG_CS1_5018.exr,TokenLight/IMG_CS1_5017_IMG_CS1_5018.png,ScribbleLight/IMG_CS1_5017_IMG_CS1_5018.png
29,OFF,8064,6048,Input/IMG_CS1_4996_IMG_CS1_4997_input0.png,Output/IMG_CS1_4996_IMG_CS1_4997.png,Masks/IMG_CS1_4996.png,Originals/IMG_CS1_4996.DNG,Exrs/IMG_CS1_4996.exr,Exrs/IMG_CS1_4997.exr,TokenLight/IMG_CS1_4996_IMG_CS1_4997.png,ScribbleLight/IMG_CS1_4996_IMG_CS1_4997.png
30,OFF,4032,3024,Input/IMG_CS1_4943_IMG_CS1_4944_input0.png,Output/IMG_CS1_4943_IMG_CS1_4944.png,Masks/IMG_CS1_4943.png,Originals/IMG_CS1_4943.DNG,Exrs/IMG_CS1_4943.exr,Exrs/IMG_CS1_4944.exr,TokenLight/IMG_CS1_4943_IMG_CS1_4944.png,ScribbleLight/IMG_CS1_4943_IMG_CS1_4944.png
31,OFF,8064,6048,Input/IMG_CS2_5106_IMG_CS2_5108_input0.png,Output/IMG_CS2_5106_IMG_CS2_5108.png,Masks/IMG_CS2_5106.png,Originals/IMG_CS2_5106.DNG,Exrs/IMG_CS2_5106.exr,Exrs/IMG_CS2_5108.exr,TokenLight/IMG_CS2_5106_IMG_CS2_5108.png,ScribbleLight/IMG_CS2_5106_IMG_CS2_5108.png
32,ON,8064,6048,Input/IMG_CS1_4974_IMG_CS1_4975_input0.png,Output/IMG_CS1_4974_IMG_CS1_4975.png,Masks/IMG_CS1_4975.png,Originals/IMG_CS1_4974.DNG,Exrs/IMG_CS1_4974.exr,Exrs/IMG_CS1_4975.exr,TokenLight/IMG_CS1_4974_IMG_CS1_4975.png,ScribbleLight/IMG_CS1_4974_IMG_CS1_4975.png
33,ON,6048,8064,Input/IMG_CS1_5016_IMG_CS1_5015_input0.png,Output/IMG_CS1_5016_IMG_CS1_5015.png,Masks/IMG_CS1_5015.png,Originals/IMG_CS1_5016.DNG,Exrs/IMG_CS1_5016.exr,Exrs/IMG_CS1_5015.exr,TokenLight/IMG_CS1_5016_IMG_CS1_5015.png,ScribbleLight/IMG_CS1_5016_IMG_CS1_5015.png
34,ON,3024,4032,Input/IMG_CS1_4990_IMG_CS1_4988_input0.png,Output/IMG_CS1_4990_IMG_CS1_4988.png,Masks/IMG_CS1_4988.png,Originals/IMG_CS1_4990.DNG,Exrs/IMG_CS1_4990.exr,Exrs/IMG_CS1_4988.exr,TokenLight/IMG_CS1_4990_IMG_CS1_4988.png,ScribbleLight/IMG_CS1_4990_IMG_CS1_4988.png
35,ON,4032,3024,Input/IMG_CS2_5114_IMG_CS2_5113_input0.png,Output/IMG_CS2_5114_IMG_CS2_5113.png,Masks/IMG_CS2_5113.png,Originals/IMG_CS2_5114.DNG,Exrs/IMG_CS2_5114.exr,Exrs/IMG_CS2_5113.exr,TokenLight/IMG_CS2_5114_IMG_CS2_5113.png,ScribbleLight/IMG_CS2_5114_IMG_CS2_5113.png
36,OFF,8064,6048,Input/IMG_CS1_5014_IMG_CS1_5013_input0.png,Output/IMG_CS1_5014_IMG_CS1_5013.png,Masks/IMG_CS1_5014.png,Originals/IMG_CS1_5014.DNG,Exrs/IMG_CS1_5014.exr,Exrs/IMG_CS1_5013.exr,TokenLight/IMG_CS1_5014_IMG_CS1_5013.png,ScribbleLight/IMG_CS1_5014_IMG_CS1_5013.png
37,OFF,8064,6048,Input/IMG_CS1_4999_IMG_CS1_5001_input0.png,Output/IMG_CS1_4999_IMG_CS1_5001.png,Masks/IMG_CS1_4999.png,Originals/IMG_CS1_4999.DNG,Exrs/IMG_CS1_4999.exr,Exrs/IMG_CS1_5001.exr,TokenLight/IMG_CS1_4999_IMG_CS1_5001.png,ScribbleLight/IMG_CS1_4999_IMG_CS1_5001.png
38,OFF,8064,6048,Input/IMG_CS1_4934_IMG_CS1_4935_input0.png,Output/IMG_CS1_4934_IMG_CS1_4935.png,Masks/IMG_CS1_4934.png,Originals/IMG_CS1_4934.DNG,Exrs/IMG_CS1_4934.exr,Exrs/IMG_CS1_4935.exr,TokenLight/IMG_CS1_4934_IMG_CS1_4935.png,ScribbleLight/IMG_CS1_4934_IMG_CS1_4935.png
39,OFF,8064,6048,Input/IMG_CS2_5107_IMG_CS2_5108_input0.png,Output/IMG_CS2_5107_IMG_CS2_5108.png,Masks/IMG_CS2_5107.png,Originals/IMG_CS2_5107.DNG,Exrs/IMG_CS2_5107.exr,Exrs/IMG_CS2_5108.exr,TokenLight/IMG_CS2_5107_IMG_CS2_5108.png,ScribbleLight/IMG_CS2_5107_IMG_CS2_5108.png
40,ON,8064,6048,Input/IMG_CS1_4970_IMG_CS1_4969_input0.png,Output/IMG_CS1_4970_IMG_CS1_4969.png,Masks/IMG_CS1_4969.png,Originals/IMG_CS1_4970.DNG,Exrs/IMG_CS1_4970.exr,Exrs/IMG_CS1_4969.exr,TokenLight/IMG_CS1_4970_IMG_CS1_4969.png,ScribbleLight/IMG_CS1_4970_IMG_CS1_4969.png
41,ON,8064,6048,Input/IMG_CS1_5020_IMG_CS1_5019_input0.png,Output/IMG_CS1_5020_IMG_CS1_5019.png,Masks/IMG_CS1_5019.png,Originals/IMG_CS1_5020.DNG,Exrs/IMG_CS1_5020.exr,Exrs/IMG_CS1_5019.exr,TokenLight/IMG_CS1_5020_IMG_CS1_5019.png,ScribbleLight/IMG_CS1_5020_IMG_CS1_5019.png
42,ON,3024,4032,Input/IMG_CS1_4990_IMG_CS1_4991_input0.png,Output/IMG_CS1_4990_IMG_CS1_4991.png,Masks/IMG_CS1_4991.png,Originals/IMG_CS1_4990.DNG,Exrs/IMG_CS1_4990.exr,Exrs/IMG_CS1_4991.exr,TokenLight/IMG_CS1_4990_IMG_CS1_4991.png,ScribbleLight/IMG_CS1_4990_IMG_CS1_4991.png
43,ON,4032,3024,Input/IMG_CS2_5114_IMG_CS2_5115_input0.png,Output/IMG_CS2_5114_IMG_CS2_5115.png,Masks/IMG_CS2_5115.png,Originals/IMG_CS2_5114.DNG,Exrs/IMG_CS2_5114.exr,Exrs/IMG_CS2_5115.exr,TokenLight/IMG_CS2_5114_IMG_CS2_5115.png,ScribbleLight/IMG_CS2_5114_IMG_CS2_5115.png
44,OFF,8064,6048,Input/IMG_CS1_5003_IMG_CS1_5002_input0.png,Output/IMG_CS1_5003_IMG_CS1_5002.png,Masks/IMG_CS1_5003.png,Originals/IMG_CS1_5003.DNG,Exrs/IMG_CS1_5003.exr,Exrs/IMG_CS1_5002.exr,TokenLight/IMG_CS1_5003_IMG_CS1_5002.png,ScribbleLight/IMG_CS1_5003_IMG_CS1_5002.png
45,OFF,8064,6048,Input/IMG_CS1_5011_IMG_CS1_5010_input0.png,Output/IMG_CS1_5011_IMG_CS1_5010.png,Masks/IMG_CS1_5011.png,Originals/IMG_CS1_5011.DNG,Exrs/IMG_CS1_5011.exr,Exrs/IMG_CS1_5010.exr,TokenLight/IMG_CS1_5011_IMG_CS1_5010.png,ScribbleLight/IMG_CS1_5011_IMG_CS1_5010.png
46,OFF,4032,3024,Input/IMG_CS1_4939_IMG_CS1_4938_input0.png,Output/IMG_CS1_4939_IMG_CS1_4938.png,Masks/IMG_CS1_4939.png,Originals/IMG_CS1_4939.DNG,Exrs/IMG_CS1_4939.exr,Exrs/IMG_CS1_4938.exr,TokenLight/IMG_CS1_4939_IMG_CS1_4938.png,ScribbleLight/IMG_CS1_4939_IMG_CS1_4938.png
47,OFF,8064,6048,Input/IMG_CS2_5109_IMG_CS2_5110_input0.png,Output/IMG_CS2_5109_IMG_CS2_5110.png,Masks/IMG_CS2_5109.png,Originals/IMG_CS2_5109.DNG,Exrs/IMG_CS2_5109.exr,Exrs/IMG_CS2_5110.exr,TokenLight/IMG_CS2_5109_IMG_CS2_5110.png,ScribbleLight/IMG_CS2_5109_IMG_CS2_5110.png
48,ON,6048,8064,Input/IMG_CS1_4964_IMG_CS1_4963_input0.png,Output/IMG_CS1_4964_IMG_CS1_4963.png,Masks/IMG_CS1_4963.png,Originals/IMG_CS1_4964.DNG,Exrs/IMG_CS1_4964.exr,Exrs/IMG_CS1_4963.exr,TokenLight/IMG_CS1_4964_IMG_CS1_4963.png,ScribbleLight/IMG_CS1_4964_IMG_CS1_4963.png
49,ON,4032,3024,Input/IMG_CS1_5008_IMG_CS1_5009_input0.png,Output/IMG_CS1_5008_IMG_CS1_5009.png,Masks/IMG_CS1_5009.png,Originals/IMG_CS1_5008.DNG,Exrs/IMG_CS1_5008.exr,Exrs/IMG_CS1_5009.exr,TokenLight/IMG_CS1_5008_IMG_CS1_5009.png,ScribbleLight/IMG_CS1_5008_IMG_CS1_5009.png
50,ON,3024,4032,Input/IMG_CS1_4990_IMG_CS1_4992_input0.png,Output/IMG_CS1_4990_IMG_CS1_4992.png,Masks/IMG_CS1_4992.png,Originals/IMG_CS1_4990.DNG,Exrs/IMG_CS1_4990.exr,Exrs/IMG_CS1_4992.exr,TokenLight/IMG_CS1_4990_IMG_CS1_4992.png,ScribbleLight/IMG_CS1_4990_IMG_CS1_4992.png
51,ON,4032,3024,Input/IMG_CS2_5117_IMG_CS2_5116_input0.png,Output/IMG_CS2_5117_IMG_CS2_5116.png,Masks/IMG_CS2_5116.png,Originals/IMG_CS2_5117.DNG,Exrs/IMG_CS2_5117.exr,Exrs/IMG_CS2_5116.exr,TokenLight/IMG_CS2_5117_IMG_CS2_5116.png,ScribbleLight/IMG_CS2_5117_IMG_CS2_5116.png
52,OFF,8064,6048,Input/IMG_CS1_4957_IMG_CS1_4958_input0.png,Output/IMG_CS1_4957_IMG_CS1_4958.png,Masks/IMG_CS1_4957.png,Originals/IMG_CS1_4957.DNG,Exrs/IMG_CS1_4957.exr,Exrs/IMG_CS1_4958.exr,TokenLight/IMG_CS1_4957_IMG_CS1_4958.png,ScribbleLight/IMG_CS1_4957_IMG_CS1_4958.png
53,OFF,8064,6048,Input/IMG_CS1_5012_IMG_CS1_5010_input0.png,Output/IMG_CS1_5012_IMG_CS1_5010.png,Masks/IMG_CS1_5012.png,Originals/IMG_CS1_5012.DNG,Exrs/IMG_CS1_5012.exr,Exrs/IMG_CS1_5010.exr,TokenLight/IMG_CS1_5012_IMG_CS1_5010.png,ScribbleLight/IMG_CS1_5012_IMG_CS1_5010.png
54,OFF,8064,6048,Input/IMG_CS1_4947_IMG_CS1_4946_input0.png,Output/IMG_CS1_4947_IMG_CS1_4946.png,Masks/IMG_CS1_4947.png,Originals/IMG_CS1_4947.DNG,Exrs/IMG_CS1_4947.exr,Exrs/IMG_CS1_4946.exr,TokenLight/IMG_CS1_4947_IMG_CS1_4946.png,ScribbleLight/IMG_CS1_4947_IMG_CS1_4946.png
55,OFF,8064,6048,Input/IMG_CS2_5112_IMG_CS2_5111_input0.png,Output/IMG_CS2_5112_IMG_CS2_5111.png,Masks/IMG_CS2_5112.png,Originals/IMG_CS2_5112.DNG,Exrs/IMG_CS2_5112.exr,Exrs/IMG_CS2_5111.exr,TokenLight/IMG_CS2_5112_IMG_CS2_5111.png,ScribbleLight/IMG_CS2_5112_IMG_CS2_5111.png
56,ON,8064,6048,Input/IMG_CS1_4959_IMG_CS1_4960_input0.png,Output/IMG_CS1_4959_IMG_CS1_4960.png,Masks/IMG_CS1_4960.png,Originals/IMG_CS1_4959.DNG,Exrs/IMG_CS1_4959.exr,Exrs/IMG_CS1_4960.exr,TokenLight/IMG_CS1_4959_IMG_CS1_4960.png,ScribbleLight/IMG_CS1_4959_IMG_CS1_4960.png
57,ON,8064,6048,Input/IMG_CS1_5006_IMG_CS1_5007_input0.png,Output/IMG_CS1_5006_IMG_CS1_5007.png,Masks/IMG_CS1_5007.png,Originals/IMG_CS1_5006.DNG,Exrs/IMG_CS1_5006.exr,Exrs/IMG_CS1_5007.exr,TokenLight/IMG_CS1_5006_IMG_CS1_5007.png,ScribbleLight/IMG_CS1_5006_IMG_CS1_5007.png
58,ON,8064,6048,Input/IMG_CS2_5085_IMG_CS2_5086_input0.png,Output/IMG_CS2_5085_IMG_CS2_5086.png,Masks/IMG_CS2_5086.png,Originals/IMG_CS2_5085.DNG,Exrs/IMG_CS2_5085.exr,Exrs/IMG_CS2_5086.exr,TokenLight/IMG_CS2_5085_IMG_CS2_5086.png,ScribbleLight/IMG_CS2_5085_IMG_CS2_5086.png
59,ON,4032,3024,Input/IMG_CS2_5117_IMG_CS2_5118_input0.png,Output/IMG_CS2_5117_IMG_CS2_5118.png,Masks/IMG_CS2_5118.png,Originals/IMG_CS2_5117.DNG,Exrs/IMG_CS2_5117.exr,Exrs/IMG_CS2_5118.exr,TokenLight/IMG_CS2_5117_IMG_CS2_5118.png,ScribbleLight/IMG_CS2_5117_IMG_CS2_5118.png
60,OFF,8064,6048,Input/IMG_CS1_4975_IMG_CS1_4974_input0.png,Output/IMG_CS1_4975_IMG_CS1_4974.png,Masks/IMG_CS1_4975.png,Originals/IMG_CS1_4975.DNG,Exrs/IMG_CS1_4975.exr,Exrs/IMG_CS1_4974.exr,TokenLight/IMG_CS1_4975_IMG_CS1_4974.png,ScribbleLight/IMG_CS1_4975_IMG_CS1_4974.png
61,OFF,6048,8064,Input/IMG_CS1_5015_IMG_CS1_5016_input0.png,Output/IMG_CS1_5015_IMG_CS1_5016.png,Masks/IMG_CS1_5015.png,Originals/IMG_CS1_5015.DNG,Exrs/IMG_CS1_5015.exr,Exrs/IMG_CS1_5016.exr,TokenLight/IMG_CS1_5015_IMG_CS1_5016.png,ScribbleLight/IMG_CS1_5015_IMG_CS1_5016.png
62,OFF,3024,4032,Input/IMG_CS1_4988_IMG_CS1_4990_input0.png,Output/IMG_CS1_4988_IMG_CS1_4990.png,Masks/IMG_CS1_4988.png,Originals/IMG_CS1_4988.DNG,Exrs/IMG_CS1_4988.exr,Exrs/IMG_CS1_4990.exr,TokenLight/IMG_CS1_4988_IMG_CS1_4990.png,ScribbleLight/IMG_CS1_4988_IMG_CS1_4990.png
63,OFF,8064,6048,Input/IMG_CS2_5113_IMG_CS2_5114_input0.png,Output/IMG_CS2_5113_IMG_CS2_5114.png,Masks/IMG_CS2_5113.png,Originals/IMG_CS2_5113.DNG,Exrs/IMG_CS2_5113.exr,Exrs/IMG_CS2_5114.exr,TokenLight/IMG_CS2_5113_IMG_CS2_5114.png,ScribbleLight/IMG_CS2_5113_IMG_CS2_5114.png
64,ON,8064,6048,Input/IMG_CS1_4961_IMG_CS1_4962_input0.png,Output/IMG_CS1_4961_IMG_CS1_4962.png,Masks/IMG_CS1_4962.png,Originals/IMG_CS1_4961.DNG,Exrs/IMG_CS1_4961.exr,Exrs/IMG_CS1_4962.exr,TokenLight/IMG_CS1_4961_IMG_CS1_4962.png,ScribbleLight/IMG_CS1_4961_IMG_CS1_4962.png
65,ON,8064,6048,Input/IMG_CS1_5004_IMG_CS1_5005_input0.png,Output/IMG_CS1_5004_IMG_CS1_5005.png,Masks/IMG_CS1_5005.png,Originals/IMG_CS1_5004.DNG,Exrs/IMG_CS1_5004.exr,Exrs/IMG_CS1_5005.exr,TokenLight/IMG_CS1_5004_IMG_CS1_5005.png,ScribbleLight/IMG_CS1_5004_IMG_CS1_5005.png
66,ON,8064,6048,Input/IMG_CS2_5085_IMG_CS2_5087_input0.png,Output/IMG_CS2_5085_IMG_CS2_5087.png,Masks/IMG_CS2_5087.png,Originals/IMG_CS2_5085.DNG,Exrs/IMG_CS2_5085.exr,Exrs/IMG_CS2_5087.exr,TokenLight/IMG_CS2_5085_IMG_CS2_5087.png,ScribbleLight/IMG_CS2_5085_IMG_CS2_5087.png
67,ON,4032,3024,Input/IMG_CS2_5120_IMG_CS2_5119_input0.png,Output/IMG_CS2_5120_IMG_CS2_5119.png,Masks/IMG_CS2_5119.png,Originals/IMG_CS2_5120.DNG,Exrs/IMG_CS2_5120.exr,Exrs/IMG_CS2_5119.exr,TokenLight/IMG_CS2_5120_IMG_CS2_5119.png,ScribbleLight/IMG_CS2_5120_IMG_CS2_5119.png
68,OFF,8064,6048,Input/IMG_CS1_4969_IMG_CS1_4970_input0.png,Output/IMG_CS1_4969_IMG_CS1_4970.png,Masks/IMG_CS1_4969.png,Originals/IMG_CS1_4969.DNG,Exrs/IMG_CS1_4969.exr,Exrs/IMG_CS1_4970.exr,TokenLight/IMG_CS1_4969_IMG_CS1_4970.png,ScribbleLight/IMG_CS1_4969_IMG_CS1_4970.png
69,OFF,8064,6048,Input/IMG_CS1_5019_IMG_CS1_5020_input0.png,Output/IMG_CS1_5019_IMG_CS1_5020.png,Masks/IMG_CS1_5019.png,Originals/IMG_CS1_5019.DNG,Exrs/IMG_CS1_5019.exr,Exrs/IMG_CS1_5020.exr,TokenLight/IMG_CS1_5019_IMG_CS1_5020.png,ScribbleLight/IMG_CS1_5019_IMG_CS1_5020.png
70,OFF,3024,4032,Input/IMG_CS1_4991_IMG_CS1_4990_input0.png,Output/IMG_CS1_4991_IMG_CS1_4990.png,Masks/IMG_CS1_4991.png,Originals/IMG_CS1_4991.DNG,Exrs/IMG_CS1_4991.exr,Exrs/IMG_CS1_4990.exr,TokenLight/IMG_CS1_4991_IMG_CS1_4990.png,ScribbleLight/IMG_CS1_4991_IMG_CS1_4990.png
71,OFF,8064,6048,Input/IMG_CS2_5115_IMG_CS2_5114_input0.png,Output/IMG_CS2_5115_IMG_CS2_5114.png,Masks/IMG_CS2_5115.png,Originals/IMG_CS2_5115.DNG,Exrs/IMG_CS2_5115.exr,Exrs/IMG_CS2_5114.exr,TokenLight/IMG_CS2_5115_IMG_CS2_5114.png,ScribbleLight/IMG_CS2_5115_IMG_CS2_5114.png
72,ON,8064,6048,Input/IMG_CS1_4953_IMG_CS1_4952_input0.png,Output/IMG_CS1_4953_IMG_CS1_4952.png,Masks/IMG_CS1_4952.png,Originals/IMG_CS1_4953.DNG,Exrs/IMG_CS1_4953.exr,Exrs/IMG_CS1_4952.exr,TokenLight/IMG_CS1_4953_IMG_CS1_4952.png,ScribbleLight/IMG_CS1_4953_IMG_CS1_4952.png
73,ON,8064,6048,Input/IMG_CS1_4940_IMG_CS1_4941_input0.png,Output/IMG_CS1_4940_IMG_CS1_4941.png,Masks/IMG_CS1_4941.png,Originals/IMG_CS1_4940.DNG,Exrs/IMG_CS1_4940.exr,Exrs/IMG_CS1_4941.exr,TokenLight/IMG_CS1_4940_IMG_CS1_4941.png,ScribbleLight/IMG_CS1_4940_IMG_CS1_4941.png
74,ON,8064,6048,Input/IMG_CS2_5088_IMG_CS2_5089_input0.png,Output/IMG_CS2_5088_IMG_CS2_5089.png,Masks/IMG_CS2_5089.png,Originals/IMG_CS2_5088.DNG,Exrs/IMG_CS2_5088.exr,Exrs/IMG_CS2_5089.exr,TokenLight/IMG_CS2_5088_IMG_CS2_5089.png,ScribbleLight/IMG_CS2_5088_IMG_CS2_5089.png
75,ON,4032,3024,Input/IMG_CS2_5120_IMG_CS2_5121_input0.png,Output/IMG_CS2_5120_IMG_CS2_5121.png,Masks/IMG_CS2_5121.png,Originals/IMG_CS2_5120.DNG,Exrs/IMG_CS2_5120.exr,Exrs/IMG_CS2_5121.exr,TokenLight/IMG_CS2_5120_IMG_CS2_5121.png,ScribbleLight/IMG_CS2_5120_IMG_CS2_5121.png
76,OFF,6048,8064,Input/IMG_CS1_4963_IMG_CS1_4964_input0.png,Output/IMG_CS1_4963_IMG_CS1_4964.png,Masks/IMG_CS1_4963.png,Originals/IMG_CS1_4963.DNG,Exrs/IMG_CS1_4963.exr,Exrs/IMG_CS1_4964.exr,TokenLight/IMG_CS1_4963_IMG_CS1_4964.png,ScribbleLight/IMG_CS1_4963_IMG_CS1_4964.png
77,OFF,8064,6048,Input/IMG_CS1_5009_IMG_CS1_5008_input0.png,Output/IMG_CS1_5009_IMG_CS1_5008.png,Masks/IMG_CS1_5009.png,Originals/IMG_CS1_5009.DNG,Exrs/IMG_CS1_5009.exr,Exrs/IMG_CS1_5008.exr,TokenLight/IMG_CS1_5009_IMG_CS1_5008.png,ScribbleLight/IMG_CS1_5009_IMG_CS1_5008.png
78,OFF,3024,4032,Input/IMG_CS1_4992_IMG_CS1_4990_input0.png,Output/IMG_CS1_4992_IMG_CS1_4990.png,Masks/IMG_CS1_4992.png,Originals/IMG_CS1_4992.DNG,Exrs/IMG_CS1_4992.exr,Exrs/IMG_CS1_4990.exr,TokenLight/IMG_CS1_4992_IMG_CS1_4990.png,ScribbleLight/IMG_CS1_4992_IMG_CS1_4990.png
79,OFF,4032,3024,Input/IMG_CS2_5116_IMG_CS2_5117_input0.png,Output/IMG_CS2_5116_IMG_CS2_5117.png,Masks/IMG_CS2_5116.png,Originals/IMG_CS2_5116.DNG,Exrs/IMG_CS2_5116.exr,Exrs/IMG_CS2_5117.exr,TokenLight/IMG_CS2_5116_IMG_CS2_5117.png,ScribbleLight/IMG_CS2_5116_IMG_CS2_5117.png
80,ON,8064,6048,Input/IMG_CS1_4956_IMG_CS1_4955_input0.png,Output/IMG_CS1_4956_IMG_CS1_4955.png,Masks/IMG_CS1_4955.png,Originals/IMG_CS1_4956.DNG,Exrs/IMG_CS1_4956.exr,Exrs/IMG_CS1_4955.exr,TokenLight/IMG_CS1_4956_IMG_CS1_4955.png,ScribbleLight/IMG_CS1_4956_IMG_CS1_4955.png
81,ON,4032,3024,Input/IMG_CS1_4971_IMG_CS1_4972_input0.png,Output/IMG_CS1_4971_IMG_CS1_4972.png,Masks/IMG_CS1_4972.png,Originals/IMG_CS1_4971.DNG,Exrs/IMG_CS1_4971.exr,Exrs/IMG_CS1_4972.exr,TokenLight/IMG_CS1_4971_IMG_CS1_4972.png,ScribbleLight/IMG_CS1_4971_IMG_CS1_4972.png
82,ON,8064,6048,Input/IMG_CS2_5088_IMG_CS2_5090_input0.png,Output/IMG_CS2_5088_IMG_CS2_5090.png,Masks/IMG_CS2_5090.png,Originals/IMG_CS2_5088.DNG,Exrs/IMG_CS2_5088.exr,Exrs/IMG_CS2_5090.exr,TokenLight/IMG_CS2_5088_IMG_CS2_5090.png,ScribbleLight/IMG_CS2_5088_IMG_CS2_5090.png
83,ON,4032,3024,Input/IMG_CS2_5129_IMG_CS2_5130_input0.png,Output/IMG_CS2_5129_IMG_CS2_5130.png,Masks/IMG_CS2_5130.png,Originals/IMG_CS2_5129.DNG,Exrs/IMG_CS2_5129.exr,Exrs/IMG_CS2_5130.exr,TokenLight/IMG_CS2_5129_IMG_CS2_5130.png,ScribbleLight/IMG_CS2_5129_IMG_CS2_5130.png
84,OFF,8064,6048,Input/IMG_CS1_4960_IMG_CS1_4959_input0.png,Output/IMG_CS1_4960_IMG_CS1_4959.png,Masks/IMG_CS1_4960.png,Originals/IMG_CS1_4960.DNG,Exrs/IMG_CS1_4960.exr,Exrs/IMG_CS1_4959.exr,TokenLight/IMG_CS1_4960_IMG_CS1_4959.png,ScribbleLight/IMG_CS1_4960_IMG_CS1_4959.png
85,OFF,8064,6048,Input/IMG_CS1_5007_IMG_CS1_5006_input0.png,Output/IMG_CS1_5007_IMG_CS1_5006.png,Masks/IMG_CS1_5007.png,Originals/IMG_CS1_5007.DNG,Exrs/IMG_CS1_5007.exr,Exrs/IMG_CS1_5006.exr,TokenLight/IMG_CS1_5007_IMG_CS1_5006.png,ScribbleLight/IMG_CS1_5007_IMG_CS1_5006.png
86,OFF,8064,6048,Input/IMG_CS2_5086_IMG_CS2_5085_input0.png,Output/IMG_CS2_5086_IMG_CS2_5085.png,Masks/IMG_CS2_5086.png,Originals/IMG_CS2_5086.DNG,Exrs/IMG_CS2_5086.exr,Exrs/IMG_CS2_5085.exr,TokenLight/IMG_CS2_5086_IMG_CS2_5085.png,ScribbleLight/IMG_CS2_5086_IMG_CS2_5085.png
87,OFF,4032,3024,Input/IMG_CS2_5118_IMG_CS2_5117_input0.png,Output/IMG_CS2_5118_IMG_CS2_5117.png,Masks/IMG_CS2_5118.png,Originals/IMG_CS2_5118.DNG,Exrs/IMG_CS2_5118.exr,Exrs/IMG_CS2_5117.exr,TokenLight/IMG_CS2_5118_IMG_CS2_5117.png,ScribbleLight/IMG_CS2_5118_IMG_CS2_5117.png
88,ON,8064,6048,Input/IMG_CS1_4949_IMG_CS1_4948_input0.png,Output/IMG_CS1_4949_IMG_CS1_4948.png,Masks/IMG_CS1_4948.png,Originals/IMG_CS1_4949.DNG,Exrs/IMG_CS1_4949.exr,Exrs/IMG_CS1_4948.exr,TokenLight/IMG_CS1_4949_IMG_CS1_4948.png,ScribbleLight/IMG_CS1_4949_IMG_CS1_4948.png
89,ON,6048,8064,Input/IMG_CS1_4977_IMG_CS1_4976_input0.png,Output/IMG_CS1_4977_IMG_CS1_4976.png,Masks/IMG_CS1_4976.png,Originals/IMG_CS1_4977.DNG,Exrs/IMG_CS1_4977.exr,Exrs/IMG_CS1_4976.exr,TokenLight/IMG_CS1_4977_IMG_CS1_4976.png,ScribbleLight/IMG_CS1_4977_IMG_CS1_4976.png
90,ON,8064,6048,Input/IMG_CS2_5093_IMG_CS2_5092_input0.png,Output/IMG_CS2_5093_IMG_CS2_5092.png,Masks/IMG_CS2_5092.png,Originals/IMG_CS2_5093.DNG,Exrs/IMG_CS2_5093.exr,Exrs/IMG_CS2_5092.exr,TokenLight/IMG_CS2_5093_IMG_CS2_5092.png,ScribbleLight/IMG_CS2_5093_IMG_CS2_5092.png
91,ON,8064,6048,Input/IMG_CS2_5131_IMG_CS2_5132_input0.png,Output/IMG_CS2_5131_IMG_CS2_5132.png,Masks/IMG_CS2_5132.png,Originals/IMG_CS2_5131.DNG,Exrs/IMG_CS2_5131.exr,Exrs/IMG_CS2_5132.exr,TokenLight/IMG_CS2_5131_IMG_CS2_5132.png,ScribbleLight/IMG_CS2_5131_IMG_CS2_5132.png
92,OFF,8064,6048,Input/IMG_CS1_4962_IMG_CS1_4961_input0.png,Output/IMG_CS1_4962_IMG_CS1_4961.png,Masks/IMG_CS1_4962.png,Originals/IMG_CS1_4962.DNG,Exrs/IMG_CS1_4962.exr,Exrs/IMG_CS1_4961.exr,TokenLight/IMG_CS1_4962_IMG_CS1_4961.png,ScribbleLight/IMG_CS1_4962_IMG_CS1_4961.png
93,OFF,8064,6048,Input/IMG_CS1_5005_IMG_CS1_5004_input0.png,Output/IMG_CS1_5005_IMG_CS1_5004.png,Masks/IMG_CS1_5005.png,Originals/IMG_CS1_5005.DNG,Exrs/IMG_CS1_5005.exr,Exrs/IMG_CS1_5004.exr,TokenLight/IMG_CS1_5005_IMG_CS1_5004.png,ScribbleLight/IMG_CS1_5005_IMG_CS1_5004.png
94,OFF,8064,6048,Input/IMG_CS2_5087_IMG_CS2_5085_input0.png,Output/IMG_CS2_5087_IMG_CS2_5085.png,Masks/IMG_CS2_5087.png,Originals/IMG_CS2_5087.DNG,Exrs/IMG_CS2_5087.exr,Exrs/IMG_CS2_5085.exr,TokenLight/IMG_CS2_5087_IMG_CS2_5085.png,ScribbleLight/IMG_CS2_5087_IMG_CS2_5085.png
95,OFF,4032,3024,Input/IMG_CS2_5119_IMG_CS2_5120_input0.png,Output/IMG_CS2_5119_IMG_CS2_5120.png,Masks/IMG_CS2_5119.png,Originals/IMG_CS2_5119.DNG,Exrs/IMG_CS2_5119.exr,Exrs/IMG_CS2_5120.exr,TokenLight/IMG_CS2_5119_IMG_CS2_5120.png,ScribbleLight/IMG_CS2_5119_IMG_CS2_5120.png
96,ON,8064,6048,Input/IMG_CS1_4949_IMG_CS1_4950_input0.png,Output/IMG_CS1_4949_IMG_CS1_4950.png,Masks/IMG_CS1_4950.png,Originals/IMG_CS1_4949.DNG,Exrs/IMG_CS1_4949.exr,Exrs/IMG_CS1_4950.exr,TokenLight/IMG_CS1_4949_IMG_CS1_4950.png,ScribbleLight/IMG_CS1_4949_IMG_CS1_4950.png
97,ON,3024,4032,Input/IMG_CS1_4983_IMG_CS1_4982_input0.png,Output/IMG_CS1_4983_IMG_CS1_4982.png,Masks/IMG_CS1_4982.png,Originals/IMG_CS1_4983.DNG,Exrs/IMG_CS1_4983.exr,Exrs/IMG_CS1_4982.exr,TokenLight/IMG_CS1_4983_IMG_CS1_4982.png,ScribbleLight/IMG_CS1_4983_IMG_CS1_4982.png
98,ON,8064,6048,Input/IMG_CS2_5094_IMG_CS2_5095_input0.png,Output/IMG_CS2_5094_IMG_CS2_5095.png,Masks/IMG_CS2_5095.png,Originals/IMG_CS2_5094.DNG,Exrs/IMG_CS2_5094.exr,Exrs/IMG_CS2_5095.exr,TokenLight/IMG_CS2_5094_IMG_CS2_5095.png,ScribbleLight/IMG_CS2_5094_IMG_CS2_5095.png
99,ON,4032,3024,Input/IMG_CS2_5127_IMG_CS2_5128_input0.png,Output/IMG_CS2_5127_IMG_CS2_5128.png,Masks/IMG_CS2_5128.png,Originals/IMG_CS2_5127.DNG,Exrs/IMG_CS2_5127.exr,Exrs/IMG_CS2_5128.exr,TokenLight/IMG_CS2_5127_IMG_CS2_5128.png,ScribbleLight/IMG_CS2_5127_IMG_CS2_5128.png
100,OFF,8064,6048,Input/IMG_CS1_4952_IMG_CS1_4953_input0.png,Output/IMG_CS1_4952_IMG_CS1_4953.png,Masks/IMG_CS1_4952.png,Originals/IMG_CS1_4952.DNG,Exrs/IMG_CS1_4952.exr,Exrs/IMG_CS1_4953.exr,TokenLight/IMG_CS1_4952_IMG_CS1_4953.png,ScribbleLight/IMG_CS1_4952_IMG_CS1_4953.png
101,OFF,8064,6048,Input/IMG_CS1_4941_IMG_CS1_4940_input0.png,Output/IMG_CS1_4941_IMG_CS1_4940.png,Masks/IMG_CS1_4941.png,Originals/IMG_CS1_4941.DNG,Exrs/IMG_CS1_4941.exr,Exrs/IMG_CS1_4940.exr,TokenLight/IMG_CS1_4941_IMG_CS1_4940.png,ScribbleLight/IMG_CS1_4941_IMG_CS1_4940.png
102,OFF,8064,6048,Input/IMG_CS2_5089_IMG_CS2_5088_input0.png,Output/IMG_CS2_5089_IMG_CS2_5088.png,Masks/IMG_CS2_5089.png,Originals/IMG_CS2_5089.DNG,Exrs/IMG_CS2_5089.exr,Exrs/IMG_CS2_5088.exr,TokenLight/IMG_CS2_5089_IMG_CS2_5088.png,ScribbleLight/IMG_CS2_5089_IMG_CS2_5088.png
103,OFF,4032,3024,Input/IMG_CS2_5121_IMG_CS2_5120_input0.png,Output/IMG_CS2_5121_IMG_CS2_5120.png,Masks/IMG_CS2_5121.png,Originals/IMG_CS2_5121.DNG,Exrs/IMG_CS2_5121.exr,Exrs/IMG_CS2_5120.exr,TokenLight/IMG_CS2_5121_IMG_CS2_5120.png,ScribbleLight/IMG_CS2_5121_IMG_CS2_5120.png
104,ON,3024,4032,Input/IMG_CS1_4981_IMG_CS1_4980_input0.png,Output/IMG_CS1_4981_IMG_CS1_4980.png,Masks/IMG_CS1_4980.png,Originals/IMG_CS1_4981.DNG,Exrs/IMG_CS1_4981.exr,Exrs/IMG_CS1_4980.exr,TokenLight/IMG_CS1_4981_IMG_CS1_4980.png,ScribbleLight/IMG_CS1_4981_IMG_CS1_4980.png
105,ON,3024,4032,Input/IMG_CS1_4968_IMG_CS1_4965_input0.png,Output/IMG_CS1_4968_IMG_CS1_4965.png,Masks/IMG_CS1_4965.png,Originals/IMG_CS1_4968.DNG,Exrs/IMG_CS1_4968.exr,Exrs/IMG_CS1_4965.exr,TokenLight/IMG_CS1_4968_IMG_CS1_4965.png,ScribbleLight/IMG_CS1_4968_IMG_CS1_4965.png
106,ON,8064,6048,Input/IMG_CS2_5096_IMG_CS2_5097_input0.png,Output/IMG_CS2_5096_IMG_CS2_5097.png,Masks/IMG_CS2_5097.png,Originals/IMG_CS2_5096.DNG,Exrs/IMG_CS2_5096.exr,Exrs/IMG_CS2_5097.exr,TokenLight/IMG_CS2_5096_IMG_CS2_5097.png,ScribbleLight/IMG_CS2_5096_IMG_CS2_5097.png
107,ON,8064,6048,Input/IMG_CS2_5135_IMG_CS2_5136_input0.png,Output/IMG_CS2_5135_IMG_CS2_5136.png,Masks/IMG_CS2_5136.png,Originals/IMG_CS2_5135.DNG,Exrs/IMG_CS2_5135.exr,Exrs/IMG_CS2_5136.exr,TokenLight/IMG_CS2_5135_IMG_CS2_5136.png,ScribbleLight/IMG_CS2_5135_IMG_CS2_5136.png
108,OFF,8064,6048,Input/IMG_CS1_4955_IMG_CS1_4956_input0.png,Output/IMG_CS1_4955_IMG_CS1_4956.png,Masks/IMG_CS1_4955.png,Originals/IMG_CS1_4955.DNG,Exrs/IMG_CS1_4955.exr,Exrs/IMG_CS1_4956.exr,TokenLight/IMG_CS1_4955_IMG_CS1_4956.png,ScribbleLight/IMG_CS1_4955_IMG_CS1_4956.png
109,OFF,4032,3024,Input/IMG_CS1_4972_IMG_CS1_4971_input0.png,Output/IMG_CS1_4972_IMG_CS1_4971.png,Masks/IMG_CS1_4972.png,Originals/IMG_CS1_4972.DNG,Exrs/IMG_CS1_4972.exr,Exrs/IMG_CS1_4971.exr,TokenLight/IMG_CS1_4972_IMG_CS1_4971.png,ScribbleLight/IMG_CS1_4972_IMG_CS1_4971.png
110,OFF,8064,6048,Input/IMG_CS2_5090_IMG_CS2_5088_input0.png,Output/IMG_CS2_5090_IMG_CS2_5088.png,Masks/IMG_CS2_5090.png,Originals/IMG_CS2_5090.DNG,Exrs/IMG_CS2_5090.exr,Exrs/IMG_CS2_5088.exr,TokenLight/IMG_CS2_5090_IMG_CS2_5088.png,ScribbleLight/IMG_CS2_5090_IMG_CS2_5088.png
111,OFF,4032,3024,Input/IMG_CS2_5130_IMG_CS2_5129_input0.png,Output/IMG_CS2_5130_IMG_CS2_5129.png,Masks/IMG_CS2_5130.png,Originals/IMG_CS2_5130.DNG,Exrs/IMG_CS2_5130.exr,Exrs/IMG_CS2_5129.exr,TokenLight/IMG_CS2_5130_IMG_CS2_5129.png,ScribbleLight/IMG_CS2_5130_IMG_CS2_5129.png
112,ON,3024,4032,Input/IMG_CS1_4979_IMG_CS1_4978_input0.png,Output/IMG_CS1_4979_IMG_CS1_4978.png,Masks/IMG_CS1_4978.png,Originals/IMG_CS1_4979.DNG,Exrs/IMG_CS1_4979.exr,Exrs/IMG_CS1_4978.exr,TokenLight/IMG_CS1_4979_IMG_CS1_4978.png,ScribbleLight/IMG_CS1_4979_IMG_CS1_4978.png
113,ON,3024,4032,Input/IMG_CS1_4968_IMG_CS1_4966_input0.png,Output/IMG_CS1_4968_IMG_CS1_4966.png,Masks/IMG_CS1_4966.png,Originals/IMG_CS1_4968.DNG,Exrs/IMG_CS1_4968.exr,Exrs/IMG_CS1_4966.exr,TokenLight/IMG_CS1_4968_IMG_CS1_4966.png,ScribbleLight/IMG_CS1_4968_IMG_CS1_4966.png
114,ON,4032,3024,Input/IMG_CS2_5102_IMG_CS2_5101_input0.png,Output/IMG_CS2_5102_IMG_CS2_5101.png,Masks/IMG_CS2_5101.png,Originals/IMG_CS2_5102.DNG,Exrs/IMG_CS2_5102.exr,Exrs/IMG_CS2_5101.exr,TokenLight/IMG_CS2_5102_IMG_CS2_5101.png,ScribbleLight/IMG_CS2_5102_IMG_CS2_5101.png
115,ON,8064,6048,Input/IMG_CS2_5137_IMG_CS2_5138_input0.png,Output/IMG_CS2_5137_IMG_CS2_5138.png,Masks/IMG_CS2_5138.png,Originals/IMG_CS2_5137.DNG,Exrs/IMG_CS2_5137.exr,Exrs/IMG_CS2_5138.exr,TokenLight/IMG_CS2_5137_IMG_CS2_5138.png,ScribbleLight/IMG_CS2_5137_IMG_CS2_5138.png
116,OFF,8064,6048,Input/IMG_CS1_4948_IMG_CS1_4949_input0.png,Output/IMG_CS1_4948_IMG_CS1_4949.png,Masks/IMG_CS1_4948.png,Originals/IMG_CS1_4948.DNG,Exrs/IMG_CS1_4948.exr,Exrs/IMG_CS1_4949.exr,TokenLight/IMG_CS1_4948_IMG_CS1_4949.png,ScribbleLight/IMG_CS1_4948_IMG_CS1_4949.png
117,OFF,6048,8064,Input/IMG_CS1_4976_IMG_CS1_4977_input0.png,Output/IMG_CS1_4976_IMG_CS1_4977.png,Masks/IMG_CS1_4976.png,Originals/IMG_CS1_4976.DNG,Exrs/IMG_CS1_4976.exr,Exrs/IMG_CS1_4977.exr,TokenLight/IMG_CS1_4976_IMG_CS1_4977.png,ScribbleLight/IMG_CS1_4976_IMG_CS1_4977.png
118,OFF,8064,6048,Input/IMG_CS2_5092_IMG_CS2_5093_input0.png,Output/IMG_CS2_5092_IMG_CS2_5093.png,Masks/IMG_CS2_5092.png,Originals/IMG_CS2_5092.DNG,Exrs/IMG_CS2_5092.exr,Exrs/IMG_CS2_5093.exr,TokenLight/IMG_CS2_5092_IMG_CS2_5093.png,ScribbleLight/IMG_CS2_5092_IMG_CS2_5093.png
119,OFF,8064,6048,Input/IMG_CS2_5132_IMG_CS2_5131_input0.png,Output/IMG_CS2_5132_IMG_CS2_5131.png,Masks/IMG_CS2_5132.png,Originals/IMG_CS2_5132.DNG,Exrs/IMG_CS2_5132.exr,Exrs/IMG_CS2_5131.exr,TokenLight/IMG_CS2_5132_IMG_CS2_5131.png,ScribbleLight/IMG_CS2_5132_IMG_CS2_5131.png
120,ON,4032,3024,Input/IMG_CS1_4995_IMG_CS1_4993_input0.png,Output/IMG_CS1_4995_IMG_CS1_4993.png,Masks/IMG_CS1_4993.png,Originals/IMG_CS1_4995.DNG,Exrs/IMG_CS1_4995.exr,Exrs/IMG_CS1_4993.exr,TokenLight/IMG_CS1_4995_IMG_CS1_4993.png,ScribbleLight/IMG_CS1_4995_IMG_CS1_4993.png
121,ON,3024,4032,Input/IMG_CS1_4968_IMG_CS1_4967_input0.png,Output/IMG_CS1_4968_IMG_CS1_4967.png,Masks/IMG_CS1_4967.png,Originals/IMG_CS1_4968.DNG,Exrs/IMG_CS1_4968.exr,Exrs/IMG_CS1_4967.exr,TokenLight/IMG_CS1_4968_IMG_CS1_4967.png,ScribbleLight/IMG_CS1_4968_IMG_CS1_4967.png
122,ON,4032,3024,Input/IMG_CS2_5108_IMG_CS2_5105_input0.png,Output/IMG_CS2_5108_IMG_CS2_5105.png,Masks/IMG_CS2_5105.png,Originals/IMG_CS2_5108.DNG,Exrs/IMG_CS2_5108.exr,Exrs/IMG_CS2_5105.exr,TokenLight/IMG_CS2_5108_IMG_CS2_5105.png,ScribbleLight/IMG_CS2_5108_IMG_CS2_5105.png
123,ON,8064,6048,Input/IMG_CS2_5139_IMG_CS2_5140_input0.png,Output/IMG_CS2_5139_IMG_CS2_5140.png,Masks/IMG_CS2_5140.png,Originals/IMG_CS2_5139.DNG,Exrs/IMG_CS2_5139.exr,Exrs/IMG_CS2_5140.exr,TokenLight/IMG_CS2_5139_IMG_CS2_5140.png,ScribbleLight/IMG_CS2_5139_IMG_CS2_5140.png
124,OFF,8064,6048,Input/IMG_CS1_4950_IMG_CS1_4949_input0.png,Output/IMG_CS1_4950_IMG_CS1_4949.png,Masks/IMG_CS1_4950.png,Originals/IMG_CS1_4950.DNG,Exrs/IMG_CS1_4950.exr,Exrs/IMG_CS1_4949.exr,TokenLight/IMG_CS1_4950_IMG_CS1_4949.png,ScribbleLight/IMG_CS1_4950_IMG_CS1_4949.png
125,OFF,3024,4032,Input/IMG_CS1_4982_IMG_CS1_4983_input0.png,Output/IMG_CS1_4982_IMG_CS1_4983.png,Masks/IMG_CS1_4982.png,Originals/IMG_CS1_4982.DNG,Exrs/IMG_CS1_4982.exr,Exrs/IMG_CS1_4983.exr,TokenLight/IMG_CS1_4982_IMG_CS1_4983.png,ScribbleLight/IMG_CS1_4982_IMG_CS1_4983.png
126,OFF,8064,6048,Input/IMG_CS2_5095_IMG_CS2_5094_input0.png,Output/IMG_CS2_5095_IMG_CS2_5094.png,Masks/IMG_CS2_5095.png,Originals/IMG_CS2_5095.DNG,Exrs/IMG_CS2_5095.exr,Exrs/IMG_CS2_5094.exr,TokenLight/IMG_CS2_5095_IMG_CS2_5094.png,ScribbleLight/IMG_CS2_5095_IMG_CS2_5094.png
127,OFF,8064,6048,Input/IMG_CS2_5128_IMG_CS2_5127_input0.png,Output/IMG_CS2_5128_IMG_CS2_5127.png,Masks/IMG_CS2_5128.png,Originals/IMG_CS2_5128.DNG,Exrs/IMG_CS2_5128.exr,Exrs/IMG_CS2_5127.exr,TokenLight/IMG_CS2_5128_IMG_CS2_5127.png,ScribbleLight/IMG_CS2_5128_IMG_CS2_5127.png
